"","ID","area_m2","WUA","HHS","watershed","species","life_stage","season"
"1","GR_10",367440.190785001,259834.819427815,0.707148607975362,"pahs","sthd","spw","spr"
"2","GR_8",46363.24215,18091.8673152912,0.390220063919563,"pahs","sthd","spw","spr"
"3","GR_9",347210.934147001,117284.332901757,0.337789860189431,"pahs","sthd","spw","spr"
