"","ID","area_m2","WUA","HHS","watershed","species","life_stage","season"
"1","GR_10",411378.664635001,351911.129485185,0.855443317162354,"pahs","sthd","juv","win"
"2","GR_8",47179.302102,23165.8515827249,0.491017258641113,"pahs","sthd","juv","win"
"3","GR_9",353922.525576001,194795.293282593,0.550389645207148,"pahs","sthd","juv","win"
