"","ID","area_m2","WUA","HHS","watershed","species","life_stage","season"
"1","GR_10",411378.664635001,259831.412169434,0.631611297586303,"pahs","chnk","spw","sum"
"2","GR_8",47179.302102,18091.4575764423,0.383461746367701,"pahs","chnk","spw","sum"
"3","GR_9",353922.525576001,117282.994877631,0.331380419165904,"pahs","chnk","spw","sum"
