"","ID","area_m2","WUA","HHS","watershed","species","life_stage","season"
"1","GR_10",411378.664635001,72490.2630143964,0.176212986346081,"pahs","chnk","juv","win"
"2","GR_8",47179.302102,5752.24917318887,0.121923150977365,"pahs","chnk","juv","win"
"3","GR_9",353922.525576001,88346.9712498253,0.249622346320123,"pahs","chnk","juv","win"
