"","ID","area_m2","WUA","HHS","watershed","species","life_stage","season"
"1","GR_10",14299.443954,13217.2035669945,0.924315911130045,"upsa","sthd","juv","sum"
"2","GR_4",30547.063818,25795.2267216378,0.844442100076338,"upsa","sthd","juv","sum"
"3","GR_5",48869.950896,33729.2403521191,0.690183635009133,"upsa","sthd","juv","sum"
"4","GR_6",116254.261953,80934.9929702437,0.696189469621034,"upsa","sthd","juv","sum"
"5","GR_7",94602.7532879999,86746.7390275478,0.916957868693991,"upsa","sthd","juv","sum"
"6","GR_8",243684.197388,212315.62051211,0.871273651668334,"upsa","sthd","juv","sum"
"7","GR_9",266216.983911001,238577.254889863,0.896175936579698,"upsa","sthd","juv","sum"
