"","ID","area_m2","WUA","HHS","watershed","species","life_stage","season"
"1","GR_10",3739.159944,2936.27342683263,0.785276230706389,"upsa","sthd","spw","spr"
"2","GR_4",68888.50353,49941.5582568183,0.724962159107861,"upsa","sthd","spw","spr"
"3","GR_5",117128.014668,75382.2352443137,0.643588431495105,"upsa","sthd","spw","spr"
"4","GR_6",415072.673721001,177221.180189142,0.426964219543549,"upsa","sthd","spw","spr"
"5","GR_7",97481.5385489999,67071.7584773509,0.68804575179778,"upsa","sthd","spw","spr"
"6","GR_8",325936.518759001,214306.921118455,0.657511229286077,"upsa","sthd","spw","spr"
"7","GR_9",262633.343589001,151726.678693208,0.577712930962217,"upsa","sthd","spw","spr"
