"","ID","area_m2","WUA","HHS","watershed","species","life_stage","season"
"1","GR_10",14320.347129,13235.2264558841,0.924225253526259,"upsa","sthd","juv","win"
"2","GR_4",32998.588182,30739.5987620947,0.931542846395548,"upsa","sthd","juv","win"
"3","GR_5",57633.397983,49528.4163472577,0.85937005418051,"upsa","sthd","juv","win"
"4","GR_6",138102.260463,115025.851849666,0.832903469241066,"upsa","sthd","juv","win"
"5","GR_7",96950.597904,89644.8351940534,0.924644480097166,"upsa","sthd","juv","win"
"6","GR_8",247515.331302001,214811.351021961,0.867870890631271,"upsa","sthd","juv","win"
"7","GR_9",267370.003044001,239480.345369661,0.895688905423881,"upsa","sthd","juv","win"
