"","ID","area_m2","WUA","HHS","watershed","species","life_stage","season"
"1","GR_10",14299.443954,14366.1019515041,1.00466157968929,"upsa","chnk","spw","sum"
"2","GR_4",30547.063818,9324.01296487916,0.305234343321238,"upsa","chnk","spw","sum"
"3","GR_5",48869.950896,7733.81629755395,0.158252999148951,"upsa","chnk","spw","sum"
"4","GR_6",116254.261953,23690.2197280054,0.203779365418732,"upsa","chnk","spw","sum"
"5","GR_7",94602.7532879999,61419.6540287854,0.649237489334005,"upsa","chnk","spw","sum"
"6","GR_8",243684.197388,189412.790920343,0.777287952811955,"upsa","chnk","spw","sum"
"7","GR_9",266216.983911001,224130.266020002,0.841908216099885,"upsa","chnk","spw","sum"
