"","ID","area_m2","WUA","HHS","watershed","species","life_stage","season"
"1","GR_10",16894.782162,19500.4898267774,1.15423150412902,"upsa","sthd","juv","spr"
"2","GR_4",69943.695804,58097.8935474291,0.830638027910824,"upsa","sthd","juv","spr"
"3","GR_5",123237.594657,102751.830438347,0.833770171548138,"upsa","sthd","juv","spr"
"4","GR_6",462853.151136002,339112.26651424,0.732656277011274,"upsa","sthd","juv","spr"
"5","GR_7",144439.266996,143804.304349132,0.995603947180894,"upsa","sthd","juv","spr"
"6","GR_8",480628.375029002,459997.484978213,0.957075172581012,"upsa","sthd","juv","spr"
"7","GR_9",474995.387430002,461832.099907738,0.972287546636012,"upsa","sthd","juv","spr"
