"","ID","area_m2","WUA","HHS","watershed","species","life_stage","season"
"1","GR_10",16894.782162,109.532057937235,0.00648318853045621,"upsa","chnk","juv","spr"
"2","GR_4",69943.695804,13157.7716569111,0.188119479613753,"upsa","chnk","juv","spr"
"3","GR_5",123237.594657,23531.1260222148,0.190941133569733,"upsa","chnk","juv","spr"
"4","GR_6",462853.151136002,104180.419755607,0.225083094929596,"upsa","chnk","juv","spr"
"5","GR_7",144439.266996,12364.2525239664,0.0856017396177231,"upsa","chnk","juv","spr"
"6","GR_8",480628.375029002,66041.1510930441,0.137405851431595,"upsa","chnk","juv","spr"
"7","GR_9",474995.387430002,41606.6066988395,0.0875937068019863,"upsa","chnk","juv","spr"
