"","ID","area_m2","WUA","HHS","watershed","species","life_stage","season"
"1","GR_10",14320.347129,5276.72319959197,0.368477324750468,"upsa","chnk","juv","win"
"2","GR_4",32998.588182,17102.5207666518,0.518280378309666,"upsa","chnk","juv","win"
"3","GR_5",57633.397983,30823.7493468961,0.534824432111188,"upsa","chnk","juv","win"
"4","GR_6",138102.260463,73768.438464053,0.534158081241667,"upsa","chnk","juv","win"
"5","GR_7",96950.597904,48838.4954524587,0.503746201759564,"upsa","chnk","juv","win"
"6","GR_8",247515.331302001,111357.665652662,0.449902093203232,"upsa","chnk","juv","win"
"7","GR_9",267370.003044001,116815.522541039,0.436905865321827,"upsa","chnk","juv","win"
