"","ID","area_m2","WUA","HHS","watershed","species","life_stage","season"
"1","GR_10",14299.443954,5287.86679267697,0.36979527383635,"upsa","chnk","juv","sum"
"2","GR_4",30547.063818,14720.3670498128,0.481891390200939,"upsa","chnk","juv","sum"
"3","GR_5",48869.950896,23282.1604000526,0.476410554403855,"upsa","chnk","juv","sum"
"4","GR_6",116254.261953,59382.3876472544,0.51079751098727,"upsa","chnk","juv","sum"
"5","GR_7",94602.7532879999,47932.8149369638,0.506674629130947,"upsa","chnk","juv","sum"
"6","GR_8",243684.197388,110877.054735855,0.455003056924999,"upsa","chnk","juv","sum"
"7","GR_9",266216.983911001,116946.315442626,0.43928946126789,"upsa","chnk","juv","sum"
